#activity,"Activity,Activity,Activity,project_name,project_description,activities,project_name,project_description,activities,project_name,project_description,activities,project_name,project_description,activities,project_name,project_description,activities,project_name,project_description,activities,project_name,project_description,activities,project_name,project_description,activities,project_name,project_description,activities,project_name,project_description,activities,project_name,project_description,activities,project_name,project_description,activities,project_name,project_description,activities,project_name,project_description,activities"
#address,"Address,Address"
#adm0 ,country
#adm1,"Region,Province,Region,admin1,admin1,admin1,admin1,admin1,admin1,admin1,admin1,admin1,admin1,admin1,admin1,admin1,admin1,admin1,admin1,admin1,admin1,admin1,admin1,admin1,admin1,admin1,admin1,admin1,admin1,admin1,admin1,admin1,admin1,admin1,admin1,admin1,admin1,admin1,admin1,admin1,admin1,admin1,admin1,admin1,admin1,admin1,admin1,admin1,admin1,admin1,admin1,admin1,admin1,admin1,admin1,admin1,admin1,admin1,admin1,admin1,admin1,admin1,admin1,admin1,admin1,admin1,admin1,admin1,admin1,admin1,admin1,admin1,admin1,admin1,admin1,admin1,admin1,admin1,RÃ©gion,Region p-code,STATES"
#adm1_id,"Adm1 ID,Adm1 ID,Adm1 ID"
#adm2,"Prefecture,District,District,DIST_CODE,DIST_NAME,province,prov_code,admin2,admin2,admin2,admin2,admin2,admin2,admin2,admin2,admin2,admin2,admin2,admin2,admin2,admin2,admin2,admin2,admin2,admin2,admin2,admin2,admin2,admin2,admin2,admin2,admin2,admin2,admin2,admin2,admin2,admin2,admin2,admin2,admin2,admin2,admin2,admin2,admin2,admin2,admin2,admin2,admin2,admin2,admin2,admin2,admin2,admin2,admin2,admin2,admin2,admin2,admin2,admin2,admin2,admin2,admin2,admin2,admin2,admin2,admin2,admin2,admin2,admin2,admin2,admin2,admin2,admin2,admin2,admin2,admin2,admin2,admin2,admin2,admin2,admin2,admin2,PrÃ©fecture,Prefecture p-code"
#adm2 ,Region
#adm2_id,"Adm2 ID,Adm2 ID,Adm2 ID"
#adm3,"Sous Prefecture,Chiefdom,Adm3,municipality_or_city,mun_code,admin3,admin3,admin3,admin3,admin3,admin3,admin3,admin3,admin3,admin3,admin3,admin3,admin3,admin3,admin3,admin3,admin3,admin3,admin3,admin3,admin3,admin3,admin3,admin3,admin3,admin3,admin3,admin3,admin3,admin3,admin3,admin3,admin3,admin3,admin3,admin3,admin3,admin3,admin3,admin3,admin3,admin3,admin3,admin3,admin3,admin3,admin3,admin3,admin3,admin3,admin3,admin3,admin3,admin3,admin3,admin3,admin3,admin3,admin3,admin3,admin3,admin3,admin3,admin3,admin3,admin3,admin3,admin3,admin3,admin3,admin3,admin3,admin3,admin3,admin3,Sous-prÃ©fecture,Subprefecture p-code"
#adm3_id,Adm3 ID
#admin1,"ORIG_PROV_CODE,ORIG_PROV_NAME,DISP_PROV_CODE,DISP_PROV_NAME,ORIG_PROV_NAME,DESTINATION_PROV_NAME,ORIG_PROV_CODE,ORIG_PROV_NAME,DISP_PROV_CODE,DISP_PROV_NAME,ORIG_PROV_CODE,ORIG_PROV_NAME,DISP_PROV_CODE,DISP_PROV_NAME,DISP_DIST_CODE,DISP_DIST_NAME"
#admin2,"ORIG_DIST_CODE,ORIG_DIST_NAME,DISP_DIST_CODE,DISP_DIST_NAME,ORIG_DIST_NAME,DESTINATION_DIST_NAME,ORIG_DIST_CODE,ORIG_DIST_NAME,DISP_DIST_CODE,DISP_DIST_NAME,ORIG_DIST_CODE,ORIG_DIST_NAME"
#affected,"DISP_IND,DISP_FAM,DISP_ADULT_MALE,DISP_ADULT_FEMALE,DISP_CHILDREN_U18,INDIVIDUALS,MALE,FEMALE,sexual violence,DISP_IND,DISP_FAM,DISP_ADULT_MALE,DISP_ADULT_FEMALE,DISP_CHILDREN_U18,DISP_IND,DISP_FAM,DISP_ADULT_MALE,DISP_ADULT_FEMALE,DISP_CHILDREN_U18,totally_damaged,partially_damaged,total ,fatalities,fatalities,fatalities,fatalities,fatalities,fatalities,fatalities,fatalities,fatalities,fatalities,fatalities,fatalities,fatalities,fatalities,fatalities,fatalities,fatalities,fatalities,fatalities,fatalities,fatalities,fatalities,fatalities,fatalities,fatalities,fatalities,fatalities,fatalities,fatalities,fatalities,fatalities,fatalities,fatalities,fatalities,fatalities,fatalities,fatalities,fatalities,fatalities,fatalities,fatalities,fatalities,fatalities,fatalities,fatalities,fatalities,fatalities,fatalities,fatalities,fatalities,fatalities,fatalities,fatalities,fatalities,fatalities,fatalities,fatalities,fatalities,fatalities,fatalities,fatalities,fatalities,fatalities,fatalities,fatalities,fatalities,fatalities,fatalities,fatalities,fatalities,fatalities,fatalities,fatalities,fatalities,fatalities,new_cured,total_cured,Refugees (incl. refugee-like situations),Asylum-seekers (pending cases),Returned refugees,Internally displaced persons (IDPs),Returned IDPs,Stateless persons,Others of concern,Total Population,Refugees (incl. refugee-like situations),Asylum-seekers (pending cases),Returned refugees,Internally displaced persons (IDPs),Returned IDPs,Stateless persons,Others of concern,Total Population,Refugees (incl. refugee-like situations),Asylum-seekers (pending cases),Returned refugees,Internally displaced persons (IDPs),Returned IDPs,Stateless persons,Others of concern,Total Population,Female 0-4,Female 5-11,Female 5-17,Female 12-17,Female 18-59,Female 60+,F: Unknown,F: Total,Male 0-4,Male 5-11,Male 5-17,Male 12-17,Male 18-59,Male 60+,M: Unknown,M: Total,Overall total,Female 0-4,Female 5-11,Female 5-17,Female 12-17,Female 18-59,Female 60+,F: Unknown,F: Total,Male 0-4,Male 5-11,Male 5-17,Male 12-17,Male 18-59,Male 60+,M: Unknown,M: Total,Overall total,Value,Female 0-4,Female 5-11,Female 5-17,Female 12-17,Female 18-59,Female 60+,F: Unknown,F: Total,Male 0-4,Male 5-11,Male 5-17,Male 12-17,Male 18-59,Male 60+,M: Unknown,M: Total,Overall total,Value,Female 0-4,Female 5-11,Female 5-17,Female 12-17,Female 18-59,Female 60+,F: Unknown,F: Total,Male 0-4,Male 5-11,Male 5-17,Male 12-17,Male 18-59,Male 60+,M: Unknown,M: Total,Overall total,Value,Female 0-4,Female 5-11,Female 5-17,Female 12-17,Female 18-59,Female 60+,F: Unknown,F: Total,Male 0-4,Male 5-11,Male 5-17,Male 12-17,Male 18-59,Male 60+,M: Unknown,M: Total,Overall total,Value,Female 0-4,Female 5-11,Female 5-17,Female 12-17,Female 18-59,Female 60+,F: Unknown,F: Total,Male 0-4,Male 5-11,Male 5-17,Male 12-17,Male 18-59,Male 60+,M: Unknown,M: Total,Overall total,Female 0-4,Female 5-11,Female 5-17,Female 12-17,Female 18-59,Female 60+,F: Unknown,F: Total,Male 0-4,Male 5-11,Male 5-17,Male 12-17,Male 18-59,Male 60+,M: Unknown,M: Total,Overall total,Value,Value,Female 0-4,Female 5-11,Female 5-17,Female 12-17,Female 18-59,Female 60+,F: Unknown,F: Total,Male 0-4,Male 5-11,Male 5-17,Male 12-17,Male 18-59,Male 60+,M: Unknown,M: Total,Overall total,Value,Female 0-4,Female 5-11,Female 5-17,Female 12-17,Female 18-59,Female 60+,F: Unknown,F: Total,Male 0-4,Male 5-11,Male 5-17,Male 12-17,Male 18-59,Male 60+,M: Unknown,M: Total,Overall total,Female 0-4,Female 5-11,Female 5-17,Female 12-17,Female 18-59,Female 60+,F: Unknown,F: Total,Male 0-4,Male 5-11,Male 5-17,Male 12-17,Male 18-59,Male 60+,M: Unknown,M: Total,Overall total,Value,Value,Female 0-4,Female 5-11,Female 5-17,Female 12-17,Female 18-59,Female 60+,F: Unknown,F: Total,Male 0-4,Male 5-11,Male 5-17,Male 12-17,Male 18-59,Male 60+,M: Unknown,M: Total,Overall total,Value,Value,Female 0-4,Female 5-11,Female 5-17,Female 12-17,Female 18-59,Female 60+,F: Unknown,F: Total,Male 0-4,Male 5-11,Male 5-17,Male 12-17,Male 18-59,Male 60+,M: Unknown,M: Total,Overall total,Value,Female 0-4,Female 5-11,Female 5-17,Female 12-17,Female 18-59,Female 60+,F: Unknown,F: Total,Male 0-4,Male 5-11,Male 5-17,Male 12-17,Male 18-59,Male 60+,M: Unknown,M: Total,Overall total,Female 0-4,Female 5-11,Female 5-17,Female 12-17,Female 18-59,Female 60+,F: Unknown,F: Total,Male 0-4,Male 5-11,Male 5-17,Male 12-17,Male 18-59,Male 60+,M: Unknown,M: Total,Overall total,Value,Female 0-4,Female 5-11,Female 5-17,Female 12-17,Female 18-59,Female 60+,F: Unknown,F: Total,Male 0-4,Male 5-11,Male 5-17,Male 12-17,Male 18-59,Male 60+,M: Unknown,M: Total,Overall total,Value,Female 0-4,Female 5-11,Female 5-17,Female 12-17,Female 18-59,Female 60+,F: Unknown,F: Total,Male 0-4,Male 5-11,Male 5-17,Male 12-17,Male 18-59,Male 60+,M: Unknown,M: Total,Overall total,Value,Female 0-4,Female 5-11,Female 5-17,Female 12-17,Female 18-59,Female 60+,F: Unknown,F: Total,Male 0-4,Male 5-11,Male 5-17,Male 12-17,Male 18-59,Male 60+,M: Unknown,M: Total,Overall total,Value,Female 0-4,Female 5-11,Female 5-17,Female 12-17,Female 18-59,Female 60+,F: Unknown,F: Total,Male 0-4,Male 5-11,Male 5-17,Male 12-17,Male 18-59,Male 60+,M: Unknown,M: Total,Overall total,Value,Value,Female 0-4,Female 5-11,Female 5-17,Female 12-17,Female 18-59,Female 60+,F: Unknown,F: Total,Male 0-4,Male 5-11,Male 5-17,Male 12-17,Male 18-59,Male 60+,M: Unknown,M: Total,Overall total,Value,Female 0-4,Female 5-11,Female 5-17,Female 12-17,Female 18-59,Female 60+,F: Unknown,F: Total,Male 0-4,Male 5-11,Male 5-17,Male 12-17,Male 18-59,Male 60+,M: Unknown,M: Total,Overall total,Value,Value,Value,Female 0-4,Female 5-11,Female 5-17,Female 12-17,Female 18-59,Female 60+,F: Unknown,F: Total,Male 0-4,Male 5-11,Male 5-17,Male 12-17,Male 18-59,Male 60+,M: Unknown,M: Total,Overall total,Value,Female 0-4,Female 5-11,Female 5-17,Female 12-17,Female 18-59,Female 60+,F: Unknown,F: Total,Male 0-4,Male 5-11,Male 5-17,Male 12-17,Male 18-59,Male 60+,M: Unknown,M: Total,Overall total,Value,Female 0-4,Female 5-11,Female 5-17,Female 12-17,Female 18-59,Female 60+,F: Unknown,F: Total,Male 0-4,Male 5-11,Male 5-17,Male 12-17,Male 18-59,Male 60+,M: Unknown,M: Total,Overall total,Value,Female 0-4,Female 5-11,Female 5-17,Female 12-17,Female 18-59,Female 60+,F: Unknown,F: Total,Male 0-4,Male 5-11,Male 5-17,Male 12-17,Male 18-59,Male 60+,M: Unknown,M: Total,Overall total,Value,Value,Female 0-4,Female 5-11,Female 5-17,Female 12-17,Female 18-59,Female 60+,F: Unknown,F: Total,Male 0-4,Male 5-11,Male 5-17,Male 12-17,Male 18-59,Male 60+,M: Unknown,M: Total,Overall total,Female 0-4,Female 5-11,Female 5-17,Female 12-17,Female 18-59,Female 60+,F: Unknown,F: Total,Male 0-4,Male 5-11,Male 5-17,Male 12-17,Male 18-59,Male 60+,M: Unknown,M: Total,Overall total,Value,Female 0-4,Female 5-11,Female 5-17,Female 12-17,Female 18-59,Female 60+,F: Unknown,F: Total,Male 0-4,Male 5-11,Male 5-17,Male 12-17,Male 18-59,Male 60+,M: Unknown,M: Total,Overall total,Value,Female 0-4,Female 5-11,Female 5-17,Female 12-17,Female 18-59,Female 60+,F: Unknown,F: Total,Male 0-4,Male 5-11,Male 5-17,Male 12-17,Male 18-59,Male 60+,M: Unknown,M: Total,Overall total,Value,Value,Female 0-4,Female 5-11,Female 5-17,Female 12-17,Female 18-59,Female 60+,F: Unknown,F: Total,Male 0-4,Male 5-11,Male 5-17,Male 12-17,Male 18-59,Male 60+,M: Unknown,M: Total,Overall total,Value,Value,Female 0-4,Female 5-11,Female 5-17,Female 12-17,Female 18-59,Female 60+,F: Unknown,F: Total,Male 0-4,Male 5-11,Male 5-17,Male 12-17,Male 18-59,Male 60+,M: Unknown,M: Total,Overall total,Female 0-4,Female 5-11,Female 5-17,Female 12-17,Female 18-59,Female 60+,F: Unknown,F: Total,Male 0-4,Male 5-11,Male 5-17,Male 12-17,Male 18-59,Male 60+,M: Unknown,M: Total,Overall total,Value,Value,Female 0-4,Female 5-11,Female 5-17,Female 12-17,Female 18-59,Female 60+,F: Unknown,F: Total,Male 0-4,Male 5-11,Male 5-17,Male 12-17,Male 18-59,Male 60+,M: Unknown,M: Total,Overall total,Value,Value,Female 0-4,Female 5-11,Female 5-17,Female 12-17,Female 18-59,Female 60+,F: Unknown,F: Total,Male 0-4,Male 5-11,Male 5-17,Male 12-17,Male 18-59,Male 60+,M: Unknown,M: Total,Overall total,Value,Female 0-4,Female 5-11,Female 5-17,Female 12-17,Female 18-59,Female 60+,F: Unknown,F: Total,Male 0-4,Male 5-11,Male 5-17,Male 12-17,Male 18-59,Male 60+,M: Unknown,M: Total,Overall total,Female 0-4,Female 5-11,Female 5-17,Female 12-17,Female 18-59,Female 60+,F: Unknown,F: Total,Male 0-4,Male 5-11,Male 5-17,Male 12-17,Male 18-59,Male 60+,M: Unknown,M: Total,Overall total,Value,Female 0-4,Female 5-11,Female 5-17,Female 12-17,Female 18-59,Female 60+,F: Unknown,F: Total,Male 0-4,Male 5-11,Male 5-17,Male 12-17,Male 18-59,Male 60+,M: Unknown,M: Total,Overall total,Value,Female 0-4,Female 5-11,Female 5-17,Female 12-17,Female 18-59,Female 60+,F: Unknown,F: Total,Male 0-4,Male 5-11,Male 5-17,Male 12-17,Male 18-59,Male 60+,M: Unknown,M: Total,Overall total,Value,Value,Female 0-4,Female 5-11,Female 5-17,Female 12-17,Female 18-59,Female 60+,F: Unknown,F: Total,Male 0-4,Male 5-11,Male 5-17,Male 12-17,Male 18-59,Male 60+,M: Unknown,M: Total,Overall total,Value,Female 0-4,Female 5-11,Female 5-17,Female 12-17,Female 18-59,Female 60+,F: Unknown,F: Total,Male 0-4,Male 5-11,Male 5-17,Male 12-17,Male 18-59,Male 60+,M: Unknown,M: Total,Overall total,Value,Female 0-4,Female 5-11,Female 5-17,Female 12-17,Female 18-59,Female 60+,F: Unknown,F: Total,Male 0-4,Male 5-11,Male 5-17,Male 12-17,Male 18-59,Male 60+,M: Unknown,M: Total,Overall total,Female 0-4,Female 5-11,Female 5-17,Female 12-17,Female 18-59,Female 60+,F: Unknown,F: Total,Male 0-4,Male 5-11,Male 5-17,Male 12-17,Male 18-59,Male 60+,M: Unknown,M: Total,Overall total,Value,Value,Female 0-4,Female 5-11,Female 5-17,Female 12-17,Female 18-59,Female 60+,F: Unknown,F: Total,Male 0-4,Male 5-11,Male 5-17,Male 12-17,Male 18-59,Male 60+,M: Unknown,M: Total,Overall total,Value,Female 0-4,Female 5-11,Female 5-17,Female 12-17,Female 18-59,Female 60+,F: Unknown,F: Total,Male 0-4,Male 5-11,Male 5-17,Male 12-17,Male 18-59,Male 60+,M: Unknown,M: Total,Overall total,Value,Female 0-4,Female 5-11,Female 5-17,Female 12-17,Female 18-59,Female 60+,F: Unknown,F: Total,Male 0-4,Male 5-11,Male 5-17,Male 12-17,Male 18-59,Male 60+,M: Unknown,M: Total,Overall total,Value,Female 0-4,Female 5-11,Female 5-17,Female 12-17,Female 18-59,Female 60+,F: Unknown,F: Total,Male 0-4,Male 5-11,Male 5-17,Male 12-17,Male 18-59,Male 60+,M: Unknown,M: Total,Overall total,Value,Female 0-4,Female 5-11,Female 5-17,Female 12-17,Female 18-59,Female 60+,F: Unknown,F: Total,Male 0-4,Male 5-11,Male 5-17,Male 12-17,Male 18-59,Male 60+,M: Unknown,M: Total,Overall total,Female 0-4,Female 5-11,Female 5-17,Female 12-17,Female 18-59,Female 60+,F: Unknown,F: Total,Male 0-4,Male 5-11,Male 5-17,Male 12-17,Male 18-59,Male 60+,M: Unknown,M: Total,Overall total,Value,Female 0-4,Female 5-11,Female 5-17,Female 12-17,Female 18-59,Female 60+,F: Unknown,F: Total,Male 0-4,Male 5-11,Male 5-17,Male 12-17,Male 18-59,Male 60+,M: Unknown,M: Total,Overall total,Value,Value,Female 0-4,Female 5-11,Female 5-17,Female 12-17,Female 18-59,Female 60+,F: Unknown,F: Total,Male 0-4,Male 5-11,Male 5-17,Male 12-17,Male 18-59,Male 60+,M: Unknown,M: Total,Overall total,Value,Female 0-4,Female 5-11,Female 5-17,Female 12-17,Female 18-59,Female 60+,F: Unknown,F: Total,Male 0-4,Male 5-11,Male 5-17,Male 12-17,Male 18-59,Male 60+,M: Unknown,M: Total,Overall total,Value,Female 0-4,Female 5-11,Female 5-17,Female 12-17,Female 18-59,Female 60+,F: Unknown,F: Total,Male 0-4,Male 5-11,Male 5-17,Male 12-17,Male 18-59,Male 60+,M: Unknown,M: Total,Overall total,Value,Value,Female 0-4,Female 5-11,Female 5-17,Female 12-17,Female 18-59,Female 60+,F: Unknown,F: Total,Male 0-4,Male 5-11,Male 5-17,Male 12-17,Male 18-59,Male 60+,M: Unknown,M: Total,Overall total,Value,Female 0-4,Female 5-11,Female 5-17,Female 12-17,Female 18-59,Female 60+,F: Unknown,F: Total,Male 0-4,Male 5-11,Male 5-17,Male 12-17,Male 18-59,Male 60+,M: Unknown,M: Total,Overall total,Value,Female 0-4,Female 5-11,Female 5-17,Female 12-17,Female 18-59,Female 60+,F: Unknown,F: Total,Male 0-4,Male 5-11,Male 5-17,Male 12-17,Male 18-59,Male 60+,M: Unknown,M: Total,Overall total,Value,Value,Female 0-4,Female 5-11,Female 5-17,Female 12-17,Female 18-59,Female 60+,F: Unknown,F: Total,Male 0-4,Male 5-11,Male 5-17,Male 12-17,Male 18-59,Male 60+,M: Unknown,M: Total,Overall total,Value,Female 0-4,Female 5-11,Female 5-17,Female 12-17,Female 18-59,Female 60+,F: Unknown,F: Total,Male 0-4,Male 5-11,Male 5-17,Male 12-17,Male 18-59,Male 60+,M: Unknown,M: Total,Overall total,Value,Value,Female 0-4,Female 5-11,Female 5-17,Female 12-17,Female 18-59,Female 60+,F: Unknown,F: Total,Male 0-4,Male 5-11,Male 5-17,Male 12-17,Male 18-59,Male 60+,M: Unknown,M: Total,Overall total,Value,Female 0-4,Female 5-11,Female 5-17,Female 12-17,Female 18-59,Female 60+,F: Unknown,F: Total,Male 0-4,Male 5-11,Male 5-17,Male 12-17,Male 18-59,Male 60+,M: Unknown,M: Total,Overall total,Value,Value,Female 0-4,Female 5-11,Female 5-17,Female 12-17,Female 18-59,Female 60+,F: Unknown,F: Total,Male 0-4,Male 5-11,Male 5-17,Male 12-17,Male 18-59,Male 60+,M: Unknown,M: Total,Overall total,Value,Female 0-4,Female 5-11,Female 5-17,Female 12-17,Female 18-59,Female 60+,F: Unknown,F: Total,Male 0-4,Male 5-11,Male 5-17,Male 12-17,Male 18-59,Male 60+,M: Unknown,M: Total,Overall total,Value,Female 0-4,Female 5-11,Female 5-17,Female 12-17,Female 18-59,Female 60+,F: Unknown,F: Total,Male 0-4,Male 5-11,Male 5-17,Male 12-17,Male 18-59,Male 60+,M: Unknown,M: Total,Overall total,Value,Value,Female 0-4,Female 5-11,Female 5-17,Female 12-17,Female 18-59,Female 60+,F: Unknown,F: Total,Male 0-4,Male 5-11,Male 5-17,Male 12-17,Male 18-59,Male 60+,M: Unknown,M: Total,Overall total,Value,Value,Female 0-4,Female 5-11,Female 5-17,Female 12-17,Female 18-59,Female 60+,F: Unknown,F: Total,Male 0-4,Male 5-11,Male 5-17,Male 12-17,Male 18-59,Male 60+,M: Unknown,M: Total,Overall total,Value,Female 0-4,Female 5-11,Female 5-17,Female 12-17,Female 18-59,Female 60+,F: Unknown,F: Total,Male 0-4,Male 5-11,Male 5-17,Male 12-17,Male 18-59,Male 60+,M: Unknown,M: Total,Overall total,Value,Female 0-4,Female 5-11,Female 5-17,Female 12-17,Female 18-59,Female 60+,F: Unknown,F: Total,Male 0-4,Male 5-11,Male 5-17,Male 12-17,Male 18-59,Male 60+,M: Unknown,M: Total,Overall total,Value,Female 0-4,Female 5-11,Female 5-17,Female 12-17,Female 18-59,Female 60+,F: Unknown,F: Total,Male 0-4,Male 5-11,Male 5-17,Male 12-17,Male 18-59,Male 60+,M: Unknown,M: Total,Overall total,Value,Female 0-4,Female 5-11,Female 5-17,Female 12-17,Female 18-59,Female 60+,F: Unknown,F: Total,Male 0-4,Male 5-11,Male 5-17,Male 12-17,Male 18-59,Male 60+,M: Unknown,M: Total,Overall total,Value,Female 0-4,Female 5-11,Female 5-17,Female 12-17,Female 18-59,Female 60+,F: Unknown,F: Total,Male 0-4,Male 5-11,Male 5-17,Male 12-17,Male 18-59,Male 60+,M: Unknown,M: Total,Overall total,Value,Female 0-4,Female 5-11,Female 5-17,Female 12-17,Female 18-59,Female 60+,F: Unknown,F: Total,Male 0-4,Male 5-11,Male 5-17,Male 12-17,Male 18-59,Male 60+,M: Unknown,M: Total,Overall total,Female 0-4,Female 5-11,Female 5-17,Female 12-17,Female 18-59,Female 60+,F: Unknown,F: Total,Male 0-4,Male 5-11,Male 5-17,Male 12-17,Male 18-59,Male 60+,M: Unknown,M: Total,Overall total,Value,Female 0-4,Female 5-11,Female 5-17,Female 12-17,Female 18-59,Female 60+,F: Unknown,F: Total,Male 0-4,Male 5-11,Male 5-17,Male 12-17,Male 18-59,Male 60+,M: Unknown,M: Total,Overall total,Value,Female 0-4,Female 5-11,Female 5-17,Female 12-17,Female 18-59,Female 60+,F: Unknown,F: Total,Male 0-4,Male 5-11,Male 5-17,Male 12-17,Male 18-59,Male 60+,M: Unknown,M: Total,Overall total,Value,Female 0-4,Female 5-11,Female 5-17,Female 12-17,Female 18-59,Female 60+,F: Unknown,F: Total,Male 0-4,Male 5-11,Male 5-17,Male 12-17,Male 18-59,Male 60+,M: Unknown,M: Total,Overall total,Value,Female 0-4,Female 5-11,Female 5-17,Female 12-17,Female 18-59,Female 60+,F: Unknown,F: Total,Male 0-4,Male 5-11,Male 5-17,Male 12-17,Male 18-59,Male 60+,M: Unknown,M: Total,Overall total,Value,Female 0-4,Female 5-11,Female 5-17,Female 12-17,Female 18-59,Female 60+,F: Unknown,F: Total,Male 0-4,Male 5-11,Male 5-17,Male 12-17,Male 18-59,Male 60+,M: Unknown,M: Total,Overall total,Value,Female 0-4,Female 5-11,Female 5-17,Female 12-17,Female 18-59,Female 60+,F: Unknown,F: Total,Male 0-4,Male 5-11,Male 5-17,Male 12-17,Male 18-59,Male 60+,M: Unknown,M: Total,Overall total,Value,Value,Female 0-4,Female 5-11,Female 5-17,Female 12-17,Female 18-59,Female 60+,F: Unknown,F: Total,Male 0-4,Male 5-11,Male 5-17,Male 12-17,Male 18-59,Male 60+,M: Unknown,M: Total,Overall total,Value,Female 0-4,Female 5-11,Female 5-17,Female 12-17,Female 18-59,Female 60+,F: Unknown,F: Total,Male 0-4,Male 5-11,Male 5-17,Male 12-17,Male 18-59,Male 60+,M: Unknown,M: Total,Overall total,Value,Female 0-4,Female 5-11,Female 5-17,Female 12-17,Female 18-59,Female 60+,F: Unknown,F: Total,Male 0-4,Male 5-11,Male 5-17,Male 12-17,Male 18-59,Male 60+,M: Unknown,M: Total,Overall total,Value,Female 0-4,Female 5-11,Female 5-17,Female 12-17,Female 18-59,Female 60+,F: Unknown,F: Total,Male 0-4,Male 5-11,Male 5-17,Male 12-17,Male 18-59,Male 60+,M: Unknown,M: Total,Overall total"
#affected ,"No. of returned,Total Displaced,confirmed_cases,probable_cases,total_cases,confirmed_deaths,total_deaths,total_suspected_cases,new_deaths,new_suspected_cases,old_suspected_cases,confirmed_cases_change,probable_cases_change,total_cases_change,confirmed_deaths_change,total_deaths_change,total_suspected_cases_change"
#budget,"budget_numeric,budget_currency,budget_numeric,budget_currency,budget_numeric,budget_currency,budget_numeric,budget_currency,budget_numeric,budget_currency,budget_numeric,budget_currency,budget_numeric,budget_currency,budget_numeric,budget_currency,budget_numeric,budget_currency,budget_numeric,budget_currency,budget_numeric,budget_currency,budget_numeric,budget_currency,budget_numeric,budget_currency,budget_numeric,budget_currency"
#country,"Country / territory of asylum/residence,Origin,Country / territory of asylum/residence,Origin,Country / territory of asylum/residence,Origin,Country / territory of asylum/residence,Origin,Country / territory of asylum/residence,Origin,Country / territory of asylum/residence,Origin,Country / territory of asylum/residence,Origin,Country / territory of asylum/residence,Origin,Country / territory of asylum/residence,Origin,Country / territory of asylum/residence,Origin,Country / territory of asylum/residence,Origin,Country / territory of asylum/residence,Origin,Country / territory of asylum/residence,Origin,Country / territory of asylum/residence,Origin,Country / territory of asylum/residence,Origin,Country / territory of asylum/residence,Origin,Country / territory of asylum/residence,Origin,Country / territory of asylum/residence,Origin,Country / territory of asylum/residence,Origin,Country / territory of asylum/residence,Origin,Country / territory of asylum/residence,Origin,Country / territory of asylum/residence,Origin,Country / territory of asylum/residence,Origin,Country / territory of asylum/residence,Origin,Country / territory of asylum/residence,Origin,Country / territory of asylum/residence,Origin,Country / territory of asylum/residence,Origin,Country / territory of asylum/residence,Origin,Country / territory of asylum/residence,Origin,COUNTRY_OF_ASYLUM,Country,Country,Country,country/territory,country,iso,country,iso,country,iso,country,iso,country,iso,country,iso,country,iso,country,iso,country,iso,country,iso,country,iso,country,iso,country,iso,country,iso,country,iso,country,iso,country,iso,country,iso,country,iso,country,iso,country,iso,country,iso,country,iso,country,iso,country,iso,country,iso,country,iso,country,iso,country,iso,country,iso,country,iso,country,iso,country,iso,country,iso,country,iso,country,iso,country,iso,country,iso,country,iso,country,iso,country,iso,country,iso,country,iso,country,iso,country,iso,country,iso,country,iso,country,iso,country,iso,country,iso,country,iso,country,iso,country,iso,country,iso,country,iso,country,iso,country,iso,country,iso,country,iso,country,iso,country,iso,country,iso,country,iso,country,iso,country,iso,country,iso,country,iso,country,iso,country,iso,country,iso,country,iso,country,iso,country,iso,country,iso,country,iso,country,Country / territory of asylum/residence,Origin,Country / territory of asylum/residence,Origin,Country / territory of asylum/residence,Origin,Country / territory of asylum/residence,Country / territory of asylum/residence,Country / territory of asylum/residence,Origin,Country / territory of asylum/residence,Country / territory of asylum/residence,Origin,Country / territory of asylum/residence,Country / territory of asylum/residence,Origin,Country / territory of asylum/residence,Country / territory of asylum/residence,Origin,Country / territory of asylum/residence,Country / territory of asylum/residence,Country / territory of asylum/residence,Origin,Country / territory of asylum/residence,Origin,Country / territory of asylum/residence,Country / territory of asylum/residence,Origin,Country / territory of asylum/residence,Country / territory of asylum/residence,Country / territory of asylum/residence,Origin,Country / territory of asylum/residence,Origin,Country / territory of asylum/residence,Country / territory of asylum/residence,Origin,Country / territory of asylum/residence,Origin,Country / territory of asylum/residence,Country / territory of asylum/residence,Origin,Country / territory of asylum/residence,Country / territory of asylum/residence,Country / territory of asylum/residence,Origin,Country / territory of asylum/residence,Country / territory of asylum/residence,Origin,Country / territory of asylum/residence,Country / territory of asylum/residence,Origin,Country / territory of asylum/residence,Country / territory of asylum/residence,Origin,Country / territory of asylum/residence,Country / territory of asylum/residence,Origin,Country / territory of asylum/residence,Origin,Country / territory of asylum/residence,Country / territory of asylum/residence,Origin,Country / territory of asylum/residence,Country / territory of asylum/residence,Origin,Country / territory of asylum/residence,Origin,Country / territory of asylum/residence,Origin,Country / territory of asylum/residence,Country / territory of asylum/residence,Origin,Country / territory of asylum/residence,Country / territory of asylum/residence,Origin,Country / territory of asylum/residence,Country / territory of asylum/residence,Origin,Country / territory of asylum/residence,Country / territory of asylum/residence,Origin,Country / territory of asylum/residence,Origin,Country / territory of asylum/residence,Country / territory of asylum/residence,Country / territory of asylum/residence,Origin,Country / territory of asylum/residence,Country / territory of asylum/residence,Origin,Country / territory of asylum/residence,Country / territory of asylum/residence,Origin,Country / territory of asylum/residence,Origin,Country / territory of asylum/residence,Country / territory of asylum/residence,Origin,Country / territory of asylum/residence,Origin,Country / territory of asylum/residence,Country / territory of asylum/residence,Country / territory of asylum/residence,Origin,Country / territory of asylum/residence,Origin,Country / territory of asylum/residence,Country / territory of asylum/residence,Origin,Country / territory of asylum/residence,Origin,Country / territory of asylum/residence,Country / territory of asylum/residence,Origin,Country / territory of asylum/residence,Country / territory of asylum/residence,Country / territory of asylum/residence,Origin,Country / territory of asylum/residence,Country / territory of asylum/residence,Origin,Country / territory of asylum/residence,Country / territory of asylum/residence,Origin,Country / territory of asylum/residence,Origin,Country / territory of asylum/residence,Country / territory of asylum/residence,Origin,Country / territory of asylum/residence,Country / territory of asylum/residence,Origin,Country / territory of asylum/residence,Country / territory of asylum/residence,Country / territory of asylum/residence,Origin,Country / territory of asylum/residence,Origin,Country / territory of asylum/residence,Country / territory of asylum/residence,Origin,Country / territory of asylum/residence,Country / territory of asylum/residence,Origin,Country / territory of asylum/residence,Country / territory of asylum/residence,Origin,Country / territory of asylum/residence,Country / territory of asylum/residence,Origin,Country / territory of asylum/residence,Country / territory of asylum/residence,Country / territory of asylum/residence,Origin,Country / territory of asylum/residence,Country / territory of asylum/residence,Origin,Country / territory of asylum/residence,Origin,Country / territory of asylum/residence,Country / territory of asylum/residence,Origin,Country / territory of asylum/residence,Country / territory of asylum/residence,Origin,Country / territory of asylum/residence,Country / territory of asylum/residence,Origin,Country / territory of asylum/residence,Origin,Country / territory of asylum/residence,Country / territory of asylum/residence,Origin,Country / territory of asylum/residence,Country / territory of asylum/residence,Origin,Country / territory of asylum/residence,Country / territory of asylum/residence,Origin,Country / territory of asylum/residence,Origin,Country / territory of asylum/residence,Country / territory of asylum/residence,Origin,Country / territory of asylum/residence,Country / territory of asylum/residence,Origin,Country / territory of asylum/residence,Origin,Country / territory of asylum/residence,Country / territory of asylum/residence,Origin,Country / territory of asylum/residence,Country / territory of asylum/residence,Origin,Country / territory of asylum/residence,Origin,Country / territory of asylum/residence,Country / territory of asylum/residence,Origin,Country / territory of asylum/residence,Country / territory of asylum/residence,Origin,Country / territory of asylum/residence,Country / territory of asylum/residence,Origin,Country / territory of asylum/residence,Origin,Country / territory of asylum/residence,Country / territory of asylum/residence,Origin,Country / territory of asylum/residence,Origin,Country / territory of asylum/residence,Country / territory of asylum/residence,Origin,Country / territory of asylum/residence,Country / territory of asylum/residence,Origin,Country / territory of asylum/residence,Country / territory of asylum/residence,Origin,Country / territory of asylum/residence,Country / territory of asylum/residence,Origin,Country / territory of asylum/residence,Country / territory of asylum/residence,Origin,Country / territory of asylum/residence,Country / territory of asylum/residence,Origin,Country / territory of asylum/residence,Country / territory of asylum/residence,Country / territory of asylum/residence,Origin,Country / territory of asylum/residence,Country / territory of asylum/residence,Origin,Country / territory of asylum/residence,Country / territory of asylum/residence,Origin,Country / territory of asylum/residence,Country / territory of asylum/residence,Origin,Country / territory of asylum/residence,Country / territory of asylum/residence,Origin,Country / territory of asylum/residence,Country / territory of asylum/residence,Origin,Country / territory of asylum/residence,Country / territory of asylum/residence,Origin,Country / territory of asylum/residence,Origin,Country / territory of asylum/residence,Country / territory of asylum/residence,Origin,Country / territory of asylum/residence,Country / territory of asylum/residence,Origin,Country / territory of asylum/residence,Country / territory of asylum/residence,Origin,Country / territory of asylum/residence"
#data_lnk,"Source of info,Source of info,Source of info"
#date,"Year,Year,Year,Year,Year,Year,Year,Year,Year,Year,Year,Year,Year,Year,Year,Year,Year,Year,Year,Year,Year,Year,Year,Year,Year,Year,Year,Year,Year,DISP_DATE,RETURN_DATE,date,DISP_DATE,DISP_DATE,startDate,endDate,year,event_date,event_date,event_date,event_date,event_date,event_date,event_date,event_date,event_date,event_date,event_date,event_date,event_date,event_date,event_date,event_date,event_date,event_date,event_date,event_date,event_date,event_date,event_date,event_date,event_date,event_date,event_date,event_date,event_date,event_date,event_date,event_date,event_date,event_date,event_date,event_date,event_date,event_date,event_date,event_date,event_date,event_date,event_date,event_date,event_date,event_date,event_date,event_date,event_date,event_date,event_date,event_date,event_date,event_date,event_date,event_date,event_date,event_date,event_date,event_date,event_date,event_date,event_date,event_date,event_date,event_date,event_date,event_date,event_date,event_date,event_date,event_date,event_date,event_date,event_date,Date de la formation,start_date,end_date,budget_value_date,date_provided,date_updated,start_date,end_date,budget_value_date,date_provided,date_updated,start_date,end_date,budget_value_date,date_provided,date_updated,start_date,end_date,budget_value_date,date_provided,date_updated,start_date,end_date,budget_value_date,date_provided,date_updated,start_date,end_date,budget_value_date,date_provided,date_updated,start_date,end_date,budget_value_date,date_provided,date_updated,Year,Year,start_date,end_date,budget_value_date,date_provided,date_updated,start_date,end_date,budget_value_date,date_provided,date_updated,start_date,end_date,budget_value_date,date_provided,date_updated,start_date,end_date,budget_value_date,date_provided,date_updated,Year,start_date,end_date,budget_value_date,date_provided,date_updated,start_date,end_date,budget_value_date,date_provided,date_updated,start_date,end_date,budget_value_date,date_provided,date_updated,Year,Year,Year,Year,Year,Year,Year,Year,Year,Year,Year,Year,Year,Year,Year,Year,Year,Year,Year,Year,Year,Year,Year,Year,Year,Year,Year,Year,Year,Year,Year,Year,Year,Year,Year,Year,Year,Year,Year,Year,Year,Year,Year,Year,Year,Year,Year,Year,Year,Year,Year,Year,Year,Year,Year,Year,Year,Year,Year,Year,Year,Year,Year,Year,Year,Year,Year,Year,Year,Year,Year,Year,Year,Year,Year,Year,Year,Year,Year,Year,Year,Year,Year,Year,Year,Year,Year,Year,Year,Year,Year,Year,Year,Year,Year,Year,Year,Year,Year,Year,Year,Year,Year,Year,Year,Year,Year,Year,Year,Year,Year,Year,Year,Year,Year,Year,Year,Year,Year,Year,Year,Year,Year,Year,Year,Year,Year,Year,Year,Year,Year,Year,Year,Year,Year,Year,Year,Year,Year,Year,Year,Year,Year,Year,Year,Year,Year,Year,Year,Year,Year,Year,Year,Year,Year,Year,Year,Year,Year,Year,Year,Year,Year,Year,Year,Year,Year,Year,Year,Year"
#date ,"Dates Reporting Period,publication_date,report_date"
#description,"notes,notes,notes,notes,notes,notes,notes,notes,notes,notes,notes,notes,notes,notes,notes,notes,notes,notes,notes,notes,notes,notes,notes,notes,notes,notes,notes,notes,notes,notes,notes,notes,notes,notes,notes,notes,notes,notes,notes,notes,notes,notes,notes,notes,notes,notes,notes,notes,notes,notes,notes,notes,notes,notes,notes,notes,notes,notes,notes,notes,notes,notes,notes,notes,notes,notes,notes,notes,notes,notes,notes,notes,notes,notes,notes"
#event,"event_id_cnty,event_type,event_id_cnty,event_type,event_id_cnty,event_type,event_id_cnty,event_type,event_id_cnty,event_type,event_id_cnty,event_type,event_id_cnty,event_type,event_id_cnty,event_type,event_id_cnty,event_type,event_id_cnty,event_type,event_id_cnty,event_type,event_id_cnty,event_type,event_id_cnty,event_type,event_id_cnty,event_type,event_id_cnty,event_type,event_id_cnty,event_type,event_id_cnty,event_type,event_id_cnty,event_type,event_id_cnty,event_type,event_id_cnty,event_type,event_id_cnty,event_type,event_id_cnty,event_type,event_id_cnty,event_type,event_id_cnty,event_type,event_id_cnty,event_type,event_id_cnty,event_type,event_id_cnty,event_type,event_id_cnty,event_type,event_id_cnty,event_type,event_id_cnty,event_type,event_id_cnty,event_type,event_id_cnty,event_type,event_id_cnty,event_type,event_id_cnty,event_type,event_id_cnty,event_type,event_id_cnty,event_type,event_id_cnty,event_type,event_id_cnty,event_type,event_id_cnty,event_type,event_id_cnty,event_type,event_id_cnty,event_type,event_id_cnty,event_type,event_id_cnty,event_type,event_id_cnty,event_type,event_id_cnty,event_type,event_id_cnty,event_type,event_id_cnty,event_type,event_id_cnty,event_type,event_id_cnty,event_type,event_id_cnty,event_type,event_id_cnty,event_type,event_id_cnty,event_type,event_id_cnty,event_type,event_id_cnty,event_type,event_id_cnty,event_type,event_id_cnty,event_type,event_id_cnty,event_type,event_id_cnty,event_type,event_id_cnty,event_type,event_id_cnty,event_type,event_id_cnty,event_type,event_id_cnty,event_type,event_id_cnty,event_type,event_id_cnty,event_type,event_id_cnty,event_type,event_id_cnty,event_type,event_id_cnty,event_type,event_id_cnty,event_type,event_id_cnty,event_type,event_id_cnty,event_type,event_id_cnty,event_type,event_id_cnty,event_type,event_id_cnty,event_type,event_id_cnty,event_type,event_id_cnty,event_type"
#from_date,"Date open,Date open"
#geo,"latitude,longitude,latitude,longitude,latitude,longitude,latitude,longitude,latitude,longitude,latitude,longitude,latitude,longitude,latitude,longitude,latitude,longitude,latitude,longitude,latitude,longitude,latitude,longitude,latitude,longitude,latitude,longitude,latitude,longitude,latitude,longitude,latitude,longitude,latitude,longitude,latitude,longitude,latitude,longitude,latitude,longitude,latitude,longitude,latitude,longitude,latitude,longitude,latitude,longitude,latitude,longitude,latitude,longitude,latitude,longitude,latitude,longitude,latitude,longitude,latitude,longitude,latitude,longitude,latitude,longitude,latitude,longitude,latitude,longitude,latitude,longitude,latitude,longitude,latitude,longitude,latitude,longitude,latitude,longitude,latitude,longitude,latitude,longitude,latitude,longitude,latitude,longitude,latitude,longitude,latitude,longitude,latitude,longitude,latitude,longitude,latitude,longitude,latitude,longitude,latitude,longitude,latitude,longitude,latitude,longitude,latitude,longitude,latitude,longitude,latitude,longitude,latitude,longitude,latitude,longitude,latitude,longitude,latitude,longitude,latitude,longitude,latitude,longitude,latitude,longitude,latitude,longitude,latitude,longitude,latitude,longitude,latitude,longitude,latitude,longitude,latitude,longitude,latitude,longitude,latitude,longitude,latitude,longitude,latitude,longitude,latitude,longitude,latitude,longitude"
#group,"actor1,assoc_actor_1,actor2,assoc_actor_2,actor1,assoc_actor_1,actor2,assoc_actor_2,actor1,assoc_actor_1,actor2,assoc_actor_2,actor1,assoc_actor_1,actor2,assoc_actor_2,actor1,assoc_actor_1,actor2,assoc_actor_2,actor1,assoc_actor_1,actor2,assoc_actor_2,actor1,assoc_actor_1,actor2,assoc_actor_2,actor1,assoc_actor_1,actor2,assoc_actor_2,actor1,assoc_actor_1,actor2,assoc_actor_2,actor1,assoc_actor_1,actor2,assoc_actor_2,actor1,assoc_actor_1,actor2,assoc_actor_2,actor1,assoc_actor_1,actor2,assoc_actor_2,actor1,assoc_actor_1,actor2,assoc_actor_2,actor1,assoc_actor_1,actor2,assoc_actor_2,actor1,assoc_actor_1,actor2,assoc_actor_2,actor1,assoc_actor_1,actor2,assoc_actor_2,actor1,assoc_actor_1,actor2,assoc_actor_2,actor1,assoc_actor_1,actor2,assoc_actor_2,actor1,assoc_actor_1,actor2,assoc_actor_2,actor1,assoc_actor_1,actor2,assoc_actor_2,actor1,assoc_actor_1,actor2,assoc_actor_2,actor1,assoc_actor_1,actor2,assoc_actor_2,actor1,assoc_actor_1,actor2,assoc_actor_2,actor1,assoc_actor_1,actor2,assoc_actor_2,actor1,assoc_actor_1,actor2,assoc_actor_2,actor1,assoc_actor_1,actor2,assoc_actor_2,actor1,assoc_actor_1,actor2,assoc_actor_2,actor1,assoc_actor_1,actor2,assoc_actor_2,actor1,assoc_actor_1,actor2,assoc_actor_2,actor1,assoc_actor_1,actor2,assoc_actor_2,actor1,assoc_actor_1,actor2,assoc_actor_2,actor1,assoc_actor_1,actor2,assoc_actor_2,actor1,assoc_actor_1,actor2,assoc_actor_2,actor1,assoc_actor_1,actor2,assoc_actor_2,actor1,assoc_actor_1,actor2,assoc_actor_2,actor1,assoc_actor_1,actor2,assoc_actor_2,actor1,assoc_actor_1,actor2,assoc_actor_2,actor1,assoc_actor_1,actor2,assoc_actor_2,actor1,assoc_actor_1,actor2,assoc_actor_2,actor1,assoc_actor_1,actor2,assoc_actor_2,actor1,assoc_actor_1,actor2,assoc_actor_2,actor1,assoc_actor_1,actor2,assoc_actor_2,actor1,assoc_actor_1,actor2,assoc_actor_2,actor1,assoc_actor_1,actor2,assoc_actor_2,actor1,assoc_actor_1,actor2,assoc_actor_2,actor1,assoc_actor_1,actor2,assoc_actor_2,actor1,assoc_actor_1,actor2,assoc_actor_2,actor1,assoc_actor_1,actor2,assoc_actor_2,actor1,assoc_actor_1,actor2,assoc_actor_2,actor1,assoc_actor_1,actor2,assoc_actor_2,actor1,assoc_actor_1,actor2,assoc_actor_2,actor1,assoc_actor_1,actor2,assoc_actor_2,actor1,assoc_actor_1,actor2,assoc_actor_2,actor1,assoc_actor_1,actor2,assoc_actor_2,actor1,assoc_actor_1,actor2,assoc_actor_2,actor1,assoc_actor_1,actor2,assoc_actor_2,actor1,assoc_actor_1,actor2,assoc_actor_2,actor1,assoc_actor_1,actor2,assoc_actor_2,actor1,assoc_actor_1,actor2,assoc_actor_2,actor1,assoc_actor_1,actor2,assoc_actor_2,actor1,assoc_actor_1,actor2,assoc_actor_2,actor1,assoc_actor_1,actor2,assoc_actor_2,actor1,assoc_actor_1,actor2,assoc_actor_2,actor1,assoc_actor_1,actor2,assoc_actor_2,actor1,assoc_actor_1,actor2,assoc_actor_2,actor1,assoc_actor_1,actor2,assoc_actor_2,actor1,assoc_actor_1,actor2,assoc_actor_2,actor1,assoc_actor_1,actor2,assoc_actor_2,actor1,assoc_actor_1,actor2,assoc_actor_2,actor1,assoc_actor_1,actor2,assoc_actor_2,actor1,assoc_actor_1,actor2,assoc_actor_2,actor1,assoc_actor_1,actor2,assoc_actor_2,actor1,assoc_actor_1,actor2,assoc_actor_2,actor1,assoc_actor_1,actor2,assoc_actor_2,actor1,assoc_actor_1,actor2,assoc_actor_2"
#indicator,"What is the current status of your home?,1. Are your main reconstruction needs being addressed?,2. Do you have the information you need to reconstruct your house?,3. Have you consulted an engineer for your housing reconstruction needs?,4. Have you received any housing reconstruction support (this includes both financial and technical)?,5. Have you begun to reconstruct or repair your house?,6. Have you taken a loan to finance your reconstruction?,7. Are you aware how to build by using safer housing practices?,8. Are you satisfied with reconstruction support you have received? ?,9. Do you feel you/your family has recovered from the earthquake?,10. Besides building your home, what is the biggest community reconstruction need of your community?,11. Are your familyâs daily food need being met?,12. Has damage from the earthquake impacted your livelihood?,13. Do you face any constraints to livelihood recovery?,14. Are you aware of any training available in your area/community?,15. After the earthquake, do you think that your familyâs ability to cope with a new emergency has improved or decreased,16. Is anyone in your community being excluded or discriminated against in earthquake recovery activities? (Answer on a scale of 1-5),17. Do you feel that men and women are equally engaged in the reconstruction/recovery process? (Answer on a scale of 1-5),18. Are there any children working in reconstruction in your community?,19. Are there any children from your home working to support your familyâs recovery?,20. Have you provided any feedback on reconstruction processes, including: asking a question, filling a complaint/concern/grievance?"
#inneed,"Nombre total de personnel de l'Ãtablissement (si applicable) ,IDP,Returnees,Host communities,Total"
#lat_deg,"Lat,Lat,Lat"
#loc,"Center,Center,Center,location,location,location,location,location,location,location,location,location,location,location,location,location,location,location,location,location,location,location,location,location,location,location,location,location,location,location,location,location,location,location,location,location,location,location,location,location,location,location,location,location,location,location,location,location,location,location,location,location,location,location,location,location,location,location,location,location,location,location,location,location,location,location,location,location,location,location,location,location,location,location,location,location,location,location,Nom de l'Ãtablissement (si applicable),location,location,location,location,location,location,location,location,location,location,location,location,location,location,Location Name,Location Name,Location Name,Location Name,Location Name,Location Name,Location Name,Location Name,Location Name,Location Name,Location Name,Location Name,Location Name,Location Name,Location Name,Location Name,Location Name,Location Name,Location Name,Location Name,Location Name,Location Name,Location Name,Location Name,Location Name,Location Name,Location Name,Location Name,Location Name,Location Name,Location Name,Location Name,Location Name,Location Name,Location Name,Location Name,Location Name,Location Name,Location Name,Location Name,Location Name,Location Name,Location Name,Location Name,Location Name,Location Name,Location Name,Location Name,Location Name,Location Name,Location Name,Location Name,Location Name,Location Name,Location Name,Location Name,Location Name,Location Name,Location Name,Location Name,Location Name,Location Name,Location Name,Location Name,Location Name,Location Name,Location Name,Location Name,Location Name,Location Name,Location Name,Location Name,Location Name,Location Name,Location Name,Location Name,Location Name,Location Name,Location Name,Location Name"
#loc_id,"Center ID,Centre ID,Center ID"
#loctype,"Type,Type,Type"
#lon_deg,"Long,Long,Long"
#meta,"rate,source,source,source,source,source,source,source,source,source,source,source,source,source,source,source,source,source,source,source,source,source,source,source,source,source,source,source,source,source,source,source,source,source,source,source,source,source,source,source,source,source,source,source,source,source,source,source,source,source,source,source,source,source,source,source,source,source,source,source,source,source,source,source,source,source,source,source,source,source,source,source,source,source,source,source,interaction_intervention_id,org_intervention_id,project_tags,additional_information,project_website,interaction_intervention_id,org_intervention_id,project_tags,additional_information,project_website,interaction_intervention_id,org_intervention_id,project_tags,additional_information,project_website,interaction_intervention_id,org_intervention_id,project_tags,additional_information,project_website,interaction_intervention_id,org_intervention_id,project_tags,additional_information,project_website,interaction_intervention_id,org_intervention_id,project_tags,additional_information,project_website,interaction_intervention_id,org_intervention_id,project_tags,additional_information,project_website,interaction_intervention_id,org_intervention_id,project_tags,additional_information,project_website,interaction_intervention_id,org_intervention_id,project_tags,additional_information,project_website,interaction_intervention_id,org_intervention_id,project_tags,additional_information,project_website,interaction_intervention_id,org_intervention_id,project_tags,additional_information,project_website,interaction_intervention_id,org_intervention_id,project_tags,additional_information,project_website,interaction_intervention_id,org_intervention_id,project_tags,additional_information,project_website,interaction_intervention_id,org_intervention_id,project_tags,additional_information,project_website"
#meta ,source
#org,"Org,Org,Org,Partenaire responsable de la formation,organization,local_partners,prime_awardee,donors,organization,local_partners,prime_awardee,donors,organization,local_partners,prime_awardee,donors,organization,local_partners,prime_awardee,donors,organization,local_partners,prime_awardee,donors,organization,local_partners,prime_awardee,donors,organization,local_partners,prime_awardee,donors,organization,local_partners,prime_awardee,donors,organization,local_partners,prime_awardee,donors,organization,local_partners,prime_awardee,donors,organization,local_partners,prime_awardee,donors,organization,local_partners,prime_awardee,donors,organization,local_partners,prime_awardee,donors,organization,local_partners,prime_awardee,donors"
#output,"DurÃ©e de la formation (jours),Type de formation"
#reached,"Nombre de personnes formÃ©es,actual_project_reach,actual_project_reach,actual_project_reach,actual_project_reach,actual_project_reach,actual_project_reach,actual_project_reach,actual_project_reach,actual_project_reach,actual_project_reach,actual_project_reach,actual_project_reach,actual_project_reach,actual_project_reach"
#region,"region,region,region,region,region,region,region,region,region,region,region,region,region,region,region,region,region,region,region,region,region,region,region,region,region,region,region,region,region,region,region,region,region,region,region,region,region,region,region,region,region,region,region,region,region,region,region,region,region,region,region,region,region,region,region,region,region,region,region,region,region,region,region,region,region,region,region,region,region,region,region,region,region,region,region"
#report_date,"Date,Date,Date"
#respondee,"Age,Gender,Caste/ethnicity"
#sector,"SECTOR,sectors,sectors,sectors,sectors,sectors,sectors,sectors,sectors,sectors,sectors,sectors,sectors,sectors,sectors"
#site_lnk,"Clinic Website,Clinic Website,Clinic Website"
#status,"Status,Status,Status,Secteur sanitaire,status,status,status,status,status,status,status,status,status,status,status,status,status,status"
#subsector,"cross_cutting_issues,cross_cutting_issues,cross_cutting_issues,cross_cutting_issues,cross_cutting_issues,cross_cutting_issues,cross_cutting_issues,cross_cutting_issues,cross_cutting_issues,cross_cutting_issues,cross_cutting_issues,cross_cutting_issues,cross_cutting_issues,cross_cutting_issues"
#targeted,"target_project_reach,project_reach_unit,target_groups,target_project_reach,project_reach_unit,target_groups,target_project_reach,project_reach_unit,target_groups,target_project_reach,project_reach_unit,target_groups,target_project_reach,project_reach_unit,target_groups,target_project_reach,project_reach_unit,target_groups,target_project_reach,project_reach_unit,target_groups,target_project_reach,project_reach_unit,target_groups,target_project_reach,project_reach_unit,target_groups,target_project_reach,project_reach_unit,target_groups,target_project_reach,project_reach_unit,target_groups,target_project_reach,project_reach_unit,target_groups,target_project_reach,project_reach_unit,target_groups,target_project_reach,project_reach_unit,target_groups"
#to_date,"Date closed,Date closed"
#x_address,Address
#x_appeal,"id,name,code"
#x_applicants,"Total persons pending start-year,of which UNHCR-assisted,Applied during year,Total persons pending end-year,of which UNHCR-assisted.1,Total persons pending start-year,of which UNHCR-assisted,Applied during year,Total persons pending end-year,of which UNHCR-assisted.1,Total persons pending start-year,of which UNHCR-assisted,Applied during year,Total persons pending end-year,of which UNHCR-assisted.1,Total persons pending start-year,of which UNHCR-assisted,Applied during year,Total persons pending end-year,of which UNHCR-assisted.1,Total persons pending start-year,of which UNHCR-assisted,Applied during year,Total persons pending end-year,of which UNHCR-assisted.1,Total persons pending start-year,of which UNHCR-assisted,Applied during year,Total persons pending end-year,of which UNHCR-assisted.1,Total persons pending start-year,of which UNHCR-assisted,Applied during year,Total persons pending end-year,of which UNHCR-assisted.1,Total persons pending start-year,of which UNHCR-assisted,Applied during year,Total persons pending end-year,of which UNHCR-assisted.1,Total persons pending start-year,of which UNHCR-assisted,Applied during year,Total persons pending end-year,of which UNHCR-assisted.1,Total persons pending start-year,of which UNHCR-assisted,Applied during year,Total persons pending end-year,of which UNHCR-assisted.1,Total persons pending start-year,of which UNHCR-assisted,Applied during year,Total persons pending end-year,of which UNHCR-assisted.1,Total persons pending start-year,of which UNHCR-assisted,Applied during year,Total persons pending end-year,of which UNHCR-assisted.1,Total persons pending start-year,of which UNHCR-assisted,Applied during year,Total persons pending end-year,of which UNHCR-assisted.1,Total persons pending start-year,of which UNHCR-assisted,Applied during year,Total persons pending end-year,of which UNHCR-assisted.1,Total persons pending start-year,of which UNHCR-assisted,Applied during year,Total persons pending end-year,of which UNHCR-assisted.1,Total persons pending start-year,of which UNHCR-assisted,Applied during year,Total persons pending end-year,of which UNHCR-assisted.1,Total persons pending start-year,of which UNHCR-assisted,Applied during year,Total persons pending end-year,of which UNHCR-assisted.1,Total persons pending start-year,of which UNHCR-assisted,Applied during year,Total persons pending end-year,of which UNHCR-assisted.1,Total persons pending start-year,of which UNHCR-assisted,Applied during year,Total persons pending end-year,of which UNHCR-assisted.1,Total persons pending start-year,of which UNHCR-assisted,Applied during year,Total persons pending end-year,of which UNHCR-assisted.1,Total persons pending start-year,of which UNHCR-assisted,Applied during year,Total persons pending end-year,of which UNHCR-assisted.1,Total persons pending start-year,of which UNHCR-assisted,Applied during year,Total persons pending end-year,of which UNHCR-assisted.1,Total persons pending start-year,of which UNHCR-assisted,Applied during year,Total persons pending end-year,of which UNHCR-assisted.1,Total persons pending start-year,of which UNHCR-assisted,Applied during year,Total persons pending end-year,of which UNHCR-assisted.1,Total persons pending start-year,of which UNHCR-assisted,Applied during year,Total persons pending end-year,of which UNHCR-assisted.1,Total persons pending start-year,of which UNHCR-assisted,Applied during year,Total persons pending end-year,of which UNHCR-assisted.1,Total persons pending start-year,of which UNHCR-assisted,Applied during year,Total persons pending end-year,of which UNHCR-assisted.1,Total persons pending start-year,of which UNHCR-assisted,Applied during year,Total persons pending end-year,of which UNHCR-assisted.1,Total persons pending start-year,of which UNHCR-assisted,Applied during year,Total persons pending end-year,of which UNHCR-assisted.1"
#x_burial,Burial Site
#x_burial_sites,"Burial Site,Burial Site"
#x_capacity,"Capacity (N),Capacity (N),Capacity"
#x_comm,"Comm.,Comm.,Comm."
#x_date_closed,Date closed
#x_date_open,Date open
#x_decisions,"statistics.filter.decisions_recognized,statistics.filter.decisions_other,Rejected,Otherwise closed,Total decisions,statistics.filter.decisions_recognized,statistics.filter.decisions_other,Rejected,Otherwise closed,Total decisions,statistics.filter.decisions_recognized,statistics.filter.decisions_other,Rejected,Otherwise closed,Total decisions,statistics.filter.decisions_recognized,statistics.filter.decisions_other,Rejected,Otherwise closed,Total decisions,statistics.filter.decisions_recognized,statistics.filter.decisions_other,Rejected,Otherwise closed,Total decisions,statistics.filter.decisions_recognized,statistics.filter.decisions_other,Rejected,Otherwise closed,Total decisions,statistics.filter.decisions_recognized,statistics.filter.decisions_other,Rejected,Otherwise closed,Total decisions,statistics.filter.decisions_recognized,statistics.filter.decisions_other,Rejected,Otherwise closed,Total decisions,statistics.filter.decisions_recognized,statistics.filter.decisions_other,Rejected,Otherwise closed,Total decisions,statistics.filter.decisions_recognized,statistics.filter.decisions_other,Rejected,Otherwise closed,Total decisions,statistics.filter.decisions_recognized,statistics.filter.decisions_other,Rejected,Otherwise closed,Total decisions,statistics.filter.decisions_recognized,statistics.filter.decisions_other,Rejected,Otherwise closed,Total decisions,statistics.filter.decisions_recognized,statistics.filter.decisions_other,Rejected,Otherwise closed,Total decisions,statistics.filter.decisions_recognized,statistics.filter.decisions_other,Rejected,Otherwise closed,Total decisions,statistics.filter.decisions_recognized,statistics.filter.decisions_other,Rejected,Otherwise closed,Total decisions,statistics.filter.decisions_recognized,statistics.filter.decisions_other,Rejected,Otherwise closed,Total decisions,statistics.filter.decisions_recognized,statistics.filter.decisions_other,Rejected,Otherwise closed,Total decisions,statistics.filter.decisions_recognized,statistics.filter.decisions_other,Rejected,Otherwise closed,Total decisions,statistics.filter.decisions_recognized,statistics.filter.decisions_other,Rejected,Otherwise closed,Total decisions,statistics.filter.decisions_recognized,statistics.filter.decisions_other,Rejected,Otherwise closed,Total decisions,statistics.filter.decisions_recognized,statistics.filter.decisions_other,Rejected,Otherwise closed,Total decisions,statistics.filter.decisions_recognized,statistics.filter.decisions_other,Rejected,Otherwise closed,Total decisions,statistics.filter.decisions_recognized,statistics.filter.decisions_other,Rejected,Otherwise closed,Total decisions,statistics.filter.decisions_recognized,statistics.filter.decisions_other,Rejected,Otherwise closed,Total decisions,statistics.filter.decisions_recognized,statistics.filter.decisions_other,Rejected,Otherwise closed,Total decisions,statistics.filter.decisions_recognized,statistics.filter.decisions_other,Rejected,Otherwise closed,Total decisions,statistics.filter.decisions_recognized,statistics.filter.decisions_other,Rejected,Otherwise closed,Total decisions,statistics.filter.decisions_recognized,statistics.filter.decisions_other,Rejected,Otherwise closed,Total decisions,statistics.filter.decisions_recognized,statistics.filter.decisions_other,Rejected,Otherwise closed,Total decisions"
#x_doctors,"Doctors,Doctors,Doctors"
#x_equip,Equipment (R.A.G)
#x_equipment,"Equipment (R.A.G),Equipment (R.A.G)"
#x_funding,totalFunding
#x_isolation,"Isolation Facility,Isolation Facility,Isolation Facility"
#x_loc_osm,"Location in OSM,Location in OSM,Location in OSM"
#x_mti_zone,MTI: Zone
#x_mti_zone_facility,MTI: Zonal Facility
#x_notes,"Notes,Notes,Notes (example: If closed why?)"
#x_nurses,"Nurses,Nurses,Nurses"
#x_placename,"Place,Place,Place"
#x_power,"Power,Power,Power"
#x_ppe,"PPE,PPE,PPE"
#x_procedure,"RSD procedure type / level,RSD procedure type / level,RSD procedure type / level,RSD procedure type / level,RSD procedure type / level,RSD procedure type / level,RSD procedure type / level,RSD procedure type / level,RSD procedure type / level,RSD procedure type / level,RSD procedure type / level,RSD procedure type / level,RSD procedure type / level,RSD procedure type / level,RSD procedure type / level,RSD procedure type / level,RSD procedure type / level,RSD procedure type / level,RSD procedure type / level,RSD procedure type / level,RSD procedure type / level,RSD procedure type / level,RSD procedure type / level,RSD procedure type / level,RSD procedure type / level,RSD procedure type / level,RSD procedure type / level,RSD procedure type / level,RSD procedure type / level"
#x_requirement,"revisedRequirements,percentFunded"
#x_staff,"Staff (N),Staff (N),Staff"
#x_un_gr,UN Gr
#x_un_grid,UNMIL Grid
#x_un_grid_new,UNMIL Grid New
#x_un_site,UN site name
#x_un_site_id,UN Site No
#x_un_team,UN Team
#x_utm,UTM
#x_verified,"Verified,Verified,Verified"
#x_water,"Water,Water,Water"
1,Record_ID
131750,Pcode3_shp
2013-01-02,Start_date
2013-01-12,End_date
24,REGN_NO
2401,DIST_NO
Accion Contra el Hambre,Organizacion
Agency for Technical Cooperation and Development(ACTED),Organisation
Apoyo Psicosocial para madres lactantes,Actividad
Bahamas,Country
Baidoa,"District,HR_info_district_name"
Bay,Region_name
CDEMA,Who
EC131750,pcode3
Early Recovery Support to vulnerable populations in Bay region of Somalia,Activity_type
Evaluate logistics to Bahamas,What
Food security,Sector
Manabi,Provincia
Pedernales,"Canton,Parroquia"
Planning and Logistics,Category
Salud Nutricion,Sector
THIS DATASET IS NO LONGER BEING UPDATED,Please see: https://data.hdx.rwlabs.org/dataset/ebola-treatment-centers
"To improve food security and access to markets for 1,100 vulnerable households (6,600 individuals) in Baidoa through access to cash",Activity
nan,"No. of Ecs,Family Inside ECs,Family Home Based,Unnamed: 9,Unnamed: 10,Old ID,Source link,Food Security and Livelihood Questionnaire,Protection,Unnamed: 1,Unnamed: 2,Unnamed: 3,Unnamed: 4,Unnamed: 5,Unnamed: 6,Unnamed: 7,Unnamed: 8,Unnamed: 9,Unnamed: 10,Unnamed: 11,Unnamed: 12,Unnamed: 13,Unnamed: 14,Unnamed: 15,Unnamed: 16,Unnamed: 17,Unnamed: 18,Unnamed: 19,Unnamed: 20,Unnamed: 21,Unnamed: 22,Unnamed: 23,Unnamed: 24,Unnamed: 25,Unnamed: 26,data_id,event_id_no_cnty,year,time_precision,inter1,inter2,interaction,geo_precision,source_scale,timestamp,iso3,data_id,event_id_no_cnty,year,time_precision,inter1,inter2,interaction,geo_precision,source_scale,timestamp,iso3,data_id,event_id_no_cnty,year,time_precision,inter1,inter2,interaction,geo_precision,source_scale,timestamp,iso3,data_id,event_id_no_cnty,year,time_precision,inter1,inter2,interaction,geo_precision,source_scale,timestamp,iso3,data_id,event_id_no_cnty,year,time_precision,inter1,inter2,interaction,geo_precision,source_scale,timestamp,iso3,data_id,event_id_no_cnty,year,time_precision,inter1,inter2,interaction,geo_precision,source_scale,timestamp,iso3,data_id,event_id_no_cnty,year,time_precision,inter1,inter2,interaction,geo_precision,source_scale,timestamp,iso3,data_id,event_id_no_cnty,year,time_precision,inter1,inter2,interaction,geo_precision,source_scale,timestamp,iso3,data_id,event_id_no_cnty,year,time_precision,inter1,inter2,interaction,geo_precision,source_scale,timestamp,iso3,data_id,event_id_no_cnty,year,time_precision,inter1,inter2,interaction,geo_precision,source_scale,timestamp,iso3,data_id,event_id_no_cnty,year,time_precision,inter1,inter2,interaction,geo_precision,source_scale,timestamp,iso3,data_id,event_id_no_cnty,year,time_precision,inter1,inter2,interaction,geo_precision,source_scale,timestamp,iso3,data_id,event_id_no_cnty,year,time_precision,inter1,inter2,interaction,geo_precision,source_scale,timestamp,iso3,data_id,event_id_no_cnty,year,time_precision,inter1,inter2,interaction,geo_precision,source_scale,timestamp,iso3,data_id,event_id_no_cnty,year,time_precision,inter1,inter2,interaction,geo_precision,source_scale,timestamp,iso3,data_id,event_id_no_cnty,year,time_precision,inter1,inter2,interaction,geo_precision,source_scale,timestamp,iso3,data_id,event_id_no_cnty,year,time_precision,inter1,inter2,interaction,geo_precision,source_scale,timestamp,iso3,data_id,event_id_no_cnty,year,time_precision,inter1,inter2,interaction,geo_precision,source_scale,timestamp,iso3,data_id,event_id_no_cnty,year,time_precision,inter1,inter2,interaction,geo_precision,source_scale,timestamp,iso3,data_id,event_id_no_cnty,year,time_precision,inter1,inter2,interaction,geo_precision,source_scale,timestamp,iso3,data_id,event_id_no_cnty,year,time_precision,inter1,inter2,interaction,geo_precision,source_scale,timestamp,iso3,data_id,event_id_no_cnty,year,time_precision,inter1,inter2,interaction,geo_precision,source_scale,timestamp,iso3,data_id,event_id_no_cnty,year,time_precision,inter1,inter2,interaction,geo_precision,source_scale,timestamp,iso3,data_id,event_id_no_cnty,year,time_precision,inter1,inter2,interaction,geo_precision,source_scale,timestamp,iso3,data_id,event_id_no_cnty,year,time_precision,inter1,inter2,interaction,geo_precision,source_scale,timestamp,iso3,data_id,event_id_no_cnty,year,time_precision,inter1,inter2,interaction,geo_precision,source_scale,timestamp,iso3,data_id,event_id_no_cnty,year,time_precision,inter1,inter2,interaction,geo_precision,source_scale,timestamp,iso3,data_id,event_id_no_cnty,year,time_precision,inter1,inter2,interaction,geo_precision,source_scale,timestamp,iso3,data_id,event_id_no_cnty,year,time_precision,inter1,inter2,interaction,geo_precision,source_scale,timestamp,iso3,data_id,event_id_no_cnty,year,time_precision,inter1,inter2,interaction,geo_precision,source_scale,timestamp,iso3,data_id,event_id_no_cnty,year,time_precision,inter1,inter2,interaction,geo_precision,source_scale,timestamp,iso3,data_id,event_id_no_cnty,year,time_precision,inter1,inter2,interaction,geo_precision,source_scale,timestamp,iso3,data_id,event_id_no_cnty,year,time_precision,inter1,inter2,interaction,geo_precision,source_scale,timestamp,iso3,data_id,event_id_no_cnty,year,time_precision,inter1,inter2,interaction,geo_precision,source_scale,timestamp,iso3,data_id,event_id_no_cnty,year,time_precision,inter1,inter2,interaction,geo_precision,source_scale,timestamp,iso3,data_id,event_id_no_cnty,year,time_precision,inter1,inter2,interaction,geo_precision,source_scale,timestamp,iso3,data_id,event_id_no_cnty,year,time_precision,inter1,inter2,interaction,geo_precision,source_scale,timestamp,iso3,data_id,event_id_no_cnty,year,time_precision,inter1,inter2,interaction,geo_precision,source_scale,timestamp,iso3,data_id,event_id_no_cnty,year,time_precision,inter1,inter2,interaction,geo_precision,source_scale,timestamp,iso3,data_id,event_id_no_cnty,year,time_precision,inter1,inter2,interaction,geo_precision,source_scale,timestamp,iso3,data_id,event_id_no_cnty,year,time_precision,inter1,inter2,interaction,geo_precision,source_scale,timestamp,iso3,data_id,event_id_no_cnty,year,time_precision,inter1,inter2,interaction,geo_precision,source_scale,timestamp,iso3,data_id,event_id_no_cnty,year,time_precision,inter1,inter2,interaction,geo_precision,source_scale,timestamp,iso3,data_id,event_id_no_cnty,year,time_precision,inter1,inter2,interaction,geo_precision,source_scale,timestamp,iso3,data_id,event_id_no_cnty,year,time_precision,inter1,inter2,interaction,geo_precision,source_scale,timestamp,iso3,data_id,event_id_no_cnty,year,time_precision,inter1,inter2,interaction,geo_precision,source_scale,timestamp,iso3,data_id,event_id_no_cnty,year,time_precision,inter1,inter2,interaction,geo_precision,source_scale,timestamp,iso3,data_id,event_id_no_cnty,year,time_precision,inter1,inter2,interaction,geo_precision,source_scale,timestamp,iso3,data_id,event_id_no_cnty,year,time_precision,inter1,inter2,interaction,geo_precision,source_scale,timestamp,iso3,data_id,event_id_no_cnty,year,time_precision,inter1,inter2,interaction,geo_precision,source_scale,timestamp,iso3,data_id,event_id_no_cnty,year,time_precision,inter1,inter2,interaction,geo_precision,source_scale,timestamp,iso3,data_id,event_id_no_cnty,year,time_precision,inter1,inter2,interaction,geo_precision,source_scale,timestamp,iso3,data_id,event_id_no_cnty,year,time_precision,inter1,inter2,interaction,geo_precision,source_scale,timestamp,iso3,data_id,event_id_no_cnty,year,time_precision,inter1,inter2,interaction,geo_precision,source_scale,timestamp,iso3,data_id,event_id_no_cnty,year,time_precision,inter1,inter2,interaction,geo_precision,source_scale,timestamp,iso3,data_id,event_id_no_cnty,year,time_precision,inter1,inter2,interaction,geo_precision,source_scale,timestamp,iso3,data_id,event_id_no_cnty,year,time_precision,inter1,inter2,interaction,geo_precision,source_scale,timestamp,iso3,data_id,event_id_no_cnty,year,time_precision,inter1,inter2,interaction,geo_precision,source_scale,timestamp,iso3,data_id,event_id_no_cnty,year,time_precision,inter1,inter2,interaction,geo_precision,source_scale,timestamp,iso3,data_id,event_id_no_cnty,year,time_precision,inter1,inter2,interaction,geo_precision,source_scale,timestamp,iso3,data_id,event_id_no_cnty,year,time_precision,inter1,inter2,interaction,geo_precision,source_scale,timestamp,iso3,data_id,event_id_no_cnty,year,time_precision,inter1,inter2,interaction,geo_precision,source_scale,timestamp,iso3,data_id,event_id_no_cnty,year,time_precision,inter1,inter2,interaction,geo_precision,source_scale,timestamp,iso3,data_id,event_id_no_cnty,year,time_precision,inter1,inter2,interaction,geo_precision,source_scale,timestamp,iso3,data_id,event_id_no_cnty,year,time_precision,inter1,inter2,interaction,geo_precision,source_scale,timestamp,iso3,data_id,event_id_no_cnty,year,time_precision,inter1,inter2,interaction,geo_precision,source_scale,timestamp,iso3,data_id,event_id_no_cnty,year,time_precision,inter1,inter2,interaction,geo_precision,source_scale,timestamp,iso3,data_id,event_id_no_cnty,year,time_precision,inter1,inter2,interaction,geo_precision,source_scale,timestamp,iso3,data_id,event_id_no_cnty,year,time_precision,inter1,inter2,interaction,geo_precision,source_scale,timestamp,iso3,data_id,event_id_no_cnty,year,time_precision,inter1,inter2,interaction,geo_precision,source_scale,timestamp,iso3,data_id,event_id_no_cnty,year,time_precision,inter1,inter2,interaction,geo_precision,source_scale,timestamp,iso3,data_id,event_id_no_cnty,year,time_precision,inter1,inter2,interaction,geo_precision,source_scale,timestamp,iso3,data_id,event_id_no_cnty,year,time_precision,inter1,inter2,interaction,geo_precision,source_scale,timestamp,iso3,data_id,event_id_no_cnty,year,time_precision,inter1,inter2,interaction,geo_precision,source_scale,timestamp,iso3,data_id,event_id_no_cnty,year,time_precision,inter1,inter2,interaction,geo_precision,source_scale,timestamp,iso3,international_partners,geographic_scope,humanitarian,international_partners,geographic_scope,humanitarian,international_partners,geographic_scope,humanitarian,international_partners,geographic_scope,humanitarian,international_partners,geographic_scope,humanitarian,international_partners,geographic_scope,humanitarian,international_partners,geographic_scope,humanitarian,international_partners,geographic_scope,humanitarian,international_partners,geographic_scope,humanitarian,international_partners,geographic_scope,humanitarian,international_partners,geographic_scope,humanitarian,international_partners,geographic_scope,humanitarian,international_partners,geographic_scope,humanitarian,international_partners,geographic_scope,humanitarian"
